<BackupInst xmlns="http://www.microsoft.com/GroupPolicy/GPOOperations/Manifest"><GPOGuid><![CDATA[{6F80AB40-EF75-46E7-A8D1-FD29D49C8874}]]></GPOGuid><GPODomain><![CDATA[contoso.lab]]></GPODomain><GPODomainGuid><![CDATA[{40d4ab04-e6ab-453b-a519-b3e2ffc1e36d}]]></GPODomainGuid><GPODomainController><![CDATA[WIN-BTRG7ARK2LG.contoso.lab]]></GPODomainController><BackupTime><![CDATA[2019-09-20T00:14:22]]></BackupTime><ID><![CDATA[{6B18C267-EB94-4F2A-81EC-E1802881D6AC}]]></ID><Comment><![CDATA[]]></Comment><GPODisplayName><![CDATA[MSFT Office 365 ProPlus 1908 - Require Macro Signing - User]]></GPODisplayName></BackupInst>
