<?xml version="1.0" encoding="utf-8"?><!-- Copyright (c) Microsoft Corporation.  All rights reserved. --><GroupPolicyBackupScheme bkp:version="2.0" bkp:type="GroupPolicyBackupTemplate" xmlns:bkp="http://www.microsoft.com/GroupPolicy/GPOOperations" xmlns="http://www.microsoft.com/GroupPolicy/GPOOperations">
    <GroupPolicyObject><SecurityGroups><Group bkp:Source="FromDACL"><Sid><![CDATA[S-1-5-21-3756386092-3107145659-2981156232-519]]></Sid><SamAccountName><![CDATA[Enterprise Admins]]></SamAccountName><Type><![CDATA[UniversalGroup]]></Type><NetBIOSDomainName><![CDATA[CONTOSO]]></NetBIOSDomainName><DnsDomainName><![CDATA[contoso.lab]]></DnsDomainName><UPN><![CDATA[Enterprise Admins@contoso.lab]]></UPN></Group><Group bkp:Source="FromDACL"><Sid><![CDATA[S-1-5-21-3756386092-3107145659-2981156232-512]]></Sid><SamAccountName><![CDATA[Domain Admins]]></SamAccountName><Type><![CDATA[GlobalGroup]]></Type><NetBIOSDomainName><![CDATA[CONTOSO]]></NetBIOSDomainName><DnsDomainName><![CDATA[contoso.lab]]></DnsDomainName><UPN><![CDATA[Domain Admins@contoso.lab]]></UPN></Group></SecurityGroups><FilePaths/><GroupPolicyCoreSettings><ID><![CDATA[{383DE293-ABB9-4DD4-B633-BE9D12903637}]]></ID><Domain><![CDATA[contoso.lab]]></Domain><SecurityDescriptor>01 00 04 9c 00 00 00 00 00 00 00 00 00 00 00 00 14 00 00 00 04 00 ec 00 08 00 00 00 05 02 28 00 00 01 00 00 01 00 00 00 8f fd ac ed b3 ff d1 11 b4 1d 00 a0 c9 68 f9 39 01 01 00 00 00 00 00 05 0b 00 00 00 00 00 24 00 ff 00 0f 00 01 05 00 00 00 00 00 05 15 00 00 00 2c e7 e5 df bb 47 33 b9 88 d5 b0 b1 00 02 00 00 00 02 24 00 ff 00 0f 00 01 05 00 00 00 00 00 05 15 00 00 00 2c e7 e5 df bb 47 33 b9 88 d5 b0 b1 00 02 00 00 00 02 24 00 ff 00 0f 00 01 05 00 00 00 00 00 05 15 00 00 00 2c e7 e5 df bb 47 33 b9 88 d5 b0 b1 07 02 00 00 00 02 14 00 94 00 02 00 01 01 00 00 00 00 00 05 09 00 00 00 00 02 14 00 94 00 02 00 01 01 00 00 00 00 00 05 0b 00 00 00 00 02 14 00 ff 00 0f 00 01 01 00 00 00 00 00 05 12 00 00 00 00 0a 14 00 ff 00 0f 00 01 01 00 00 00 00 00 03 00 00 00 00</SecurityDescriptor><DisplayName><![CDATA[MSFT Windows 10 1903 and Server 1903 - Domain Security]]></DisplayName><Options><![CDATA[1]]></Options><UserVersionNumber><![CDATA[262148]]></UserVersionNumber><MachineVersionNumber><![CDATA[262148]]></MachineVersionNumber><MachineExtensionGuids><![CDATA[[{827D319E-6EAC-11D2-A4EA-00C04F79F83A}{803E14A0-B4FB-11D0-A0D0-00A0C90F574B}]]]></MachineExtensionGuids><UserExtensionGuids/><WMIFilter/></GroupPolicyCoreSettings> 
        <GroupPolicyExtension bkp:ID="{35378EAC-683F-11D2-A89A-00C04FBBCFA2}" bkp:DescName="Registry">
            
            
            <FSObjectFile bkp:Path="%GPO_FSPATH%\Adm\*.*" bkp:SourceExpandedPath="\\WIN-BTRG7ARK2LG.contoso.lab\sysvol\contoso.lab\Policies\{383DE293-ABB9-4DD4-B633-BE9D12903637}\Adm\*.*"/>
        </GroupPolicyExtension>
        
        
        
        
        <GroupPolicyExtension bkp:ID="{827D319E-6EAC-11D2-A4EA-00C04F79F83A}" bkp:DescName="Security">
            <FSObjectFile bkp:Path="%GPO_MACH_FSPATH%\microsoft\windows nt\SecEdit\GptTmpl.inf" bkp:SourceExpandedPath="\\WIN-BTRG7ARK2LG.contoso.lab\sysvol\contoso.lab\Policies\{383DE293-ABB9-4DD4-B633-BE9D12903637}\Machine\microsoft\windows nt\SecEdit\GptTmpl.inf" bkp:ReEvaluateFunction="SecurityValidateSettings" bkp:Location="DomainSysvol\GPO\Machine\microsoft\windows nt\SecEdit\GptTmpl.inf"/>
        </GroupPolicyExtension>
        
        
        
        
    <GroupPolicyExtension bkp:ID="{F15C46CD-82A0-4C2D-A210-5D0D3182A418}" bkp:DescName="Unknown Extension"><FSObjectDir bkp:Path="%GPO_MACH_FSPATH%\Applications" bkp:SourceExpandedPath="\\WIN-BTRG7ARK2LG.contoso.lab\sysvol\contoso.lab\Policies\{383DE293-ABB9-4DD4-B633-BE9D12903637}\Machine\Applications" bkp:Location="DomainSysvol\GPO\Machine\Applications"/><FSObjectDir bkp:Path="%GPO_MACH_FSPATH%\microsoft" bkp:SourceExpandedPath="\\WIN-BTRG7ARK2LG.contoso.lab\sysvol\contoso.lab\Policies\{383DE293-ABB9-4DD4-B633-BE9D12903637}\Machine\microsoft" bkp:Location="DomainSysvol\GPO\Machine\microsoft"/><FSObjectDir bkp:Path="%GPO_MACH_FSPATH%\microsoft\windows nt" bkp:SourceExpandedPath="\\WIN-BTRG7ARK2LG.contoso.lab\sysvol\contoso.lab\Policies\{383DE293-ABB9-4DD4-B633-BE9D12903637}\Machine\microsoft\windows nt" bkp:Location="DomainSysvol\GPO\Machine\microsoft\windows nt"/><FSObjectDir bkp:Path="%GPO_MACH_FSPATH%\microsoft\windows nt\Audit" bkp:SourceExpandedPath="\\WIN-BTRG7ARK2LG.contoso.lab\sysvol\contoso.lab\Policies\{383DE293-ABB9-4DD4-B633-BE9D12903637}\Machine\microsoft\windows nt\Audit" bkp:Location="DomainSysvol\GPO\Machine\microsoft\windows nt\Audit"/><FSObjectDir bkp:Path="%GPO_MACH_FSPATH%\microsoft\windows nt\SecEdit" bkp:SourceExpandedPath="\\WIN-BTRG7ARK2LG.contoso.lab\sysvol\contoso.lab\Policies\{383DE293-ABB9-4DD4-B633-BE9D12903637}\Machine\microsoft\windows nt\SecEdit" bkp:Location="DomainSysvol\GPO\Machine\microsoft\windows nt\SecEdit"/><FSObjectDir bkp:Path="%GPO_MACH_FSPATH%\Scripts" bkp:SourceExpandedPath="\\WIN-BTRG7ARK2LG.contoso.lab\sysvol\contoso.lab\Policies\{383DE293-ABB9-4DD4-B633-BE9D12903637}\Machine\Scripts" bkp:Location="DomainSysvol\GPO\Machine\Scripts"/><FSObjectDir bkp:Path="%GPO_MACH_FSPATH%\Scripts\Shutdown" bkp:SourceExpandedPath="\\WIN-BTRG7ARK2LG.contoso.lab\sysvol\contoso.lab\Policies\{383DE293-ABB9-4DD4-B633-BE9D12903637}\Machine\Scripts\Shutdown" bkp:Location="DomainSysvol\GPO\Machine\Scripts\Shutdown"/><FSObjectDir bkp:Path="%GPO_MACH_FSPATH%\Scripts\Startup" bkp:SourceExpandedPath="\\WIN-BTRG7ARK2LG.contoso.lab\sysvol\contoso.lab\Policies\{383DE293-ABB9-4DD4-B633-BE9D12903637}\Machine\Scripts\Startup" bkp:Location="DomainSysvol\GPO\Machine\Scripts\Startup"/></GroupPolicyExtension></GroupPolicyObject>
</GroupPolicyBackupScheme>