<BackupInst xmlns="http://www.microsoft.com/GroupPolicy/GPOOperations/Manifest"><GPOGuid><![CDATA[{383DE293-ABB9-4DD4-B633-BE9D12903637}]]></GPOGuid><GPODomain><![CDATA[contoso.lab]]></GPODomain><GPODomainGuid><![CDATA[{40d4ab04-e6ab-453b-a519-b3e2ffc1e36d}]]></GPODomainGuid><GPODomainController><![CDATA[WIN-BTRG7ARK2LG.contoso.lab]]></GPODomainController><BackupTime><![CDATA[2019-09-20T06:30:22]]></BackupTime><ID><![CDATA[{74E18C1A-8334-470C-BBD3-D10DB01216B7}]]></ID><Comment><![CDATA[]]></Comment><GPODisplayName><![CDATA[MSFT Windows 10 1903 and Server 1903 - Domain Security]]></GPODisplayName></BackupInst>
