<BackupInst xmlns="http://www.microsoft.com/GroupPolicy/GPOOperations/Manifest"><GPOGuid><![CDATA[{D9B0058D-C494-4593-A0DB-1FF1507E370D}]]></GPOGuid><GPODomain><![CDATA[security.local]]></GPODomain><GPODomainGuid><![CDATA[{6f0514af-6cc4-48d1-b2ef-2310ad5fc57b}]]></GPODomainGuid><GPODomainController><![CDATA[DC-SEC-01.security.local]]></GPODomainController><BackupTime><![CDATA[2020-01-14T04:07:35]]></BackupTime><ID><![CDATA[{A0F6CB6D-CCD5-44FC-97DE-27469EFD94DD}]]></ID><Comment><![CDATA[]]></Comment><GPODisplayName><![CDATA[MSFT Edge Version 79 - Computer]]></GPODisplayName></BackupInst>
