<BackupInst xmlns="http://www.microsoft.com/GroupPolicy/GPOOperations/Manifest"><GPOGuid><![CDATA[{CD954A5F-3F9D-44EC-8C89-F3F0066A6EFB}]]></GPOGuid><GPODomain><![CDATA[contoso.lab]]></GPODomain><GPODomainGuid><![CDATA[{40d4ab04-e6ab-453b-a519-b3e2ffc1e36d}]]></GPODomainGuid><GPODomainController><![CDATA[WIN-BTRG7ARK2LG.contoso.lab]]></GPODomainController><BackupTime><![CDATA[2019-09-20T00:14:27]]></BackupTime><ID><![CDATA[{B89E90DD-DDC8-4BAB-B9CF-8DAE5E49E6B6}]]></ID><Comment><![CDATA[]]></Comment><GPODisplayName><![CDATA[MSFT Office 365 ProPlus 1908 - Excel DDE Block - User]]></GPODisplayName></BackupInst>
