<BackupInst xmlns="http://www.microsoft.com/GroupPolicy/GPOOperations/Manifest"><GPOGuid><![CDATA[{61520F2D-5BDA-4409-8834-E3437E5C5406}]]></GPOGuid><GPODomain><![CDATA[contoso.lab]]></GPODomain><GPODomainGuid><![CDATA[{40d4ab04-e6ab-453b-a519-b3e2ffc1e36d}]]></GPODomainGuid><GPODomainController><![CDATA[WIN-BTRG7ARK2LG.contoso.lab]]></GPODomainController><BackupTime><![CDATA[2019-09-20T06:30:22]]></BackupTime><ID><![CDATA[{95FDEF48-A8A4-4F43-B8BF-5549425D8B9E}]]></ID><Comment><![CDATA[]]></Comment><GPODisplayName><![CDATA[MSFT Windows Server 1903 - Domain Controller Virtualization Based Security]]></GPODisplayName></BackupInst>
