<Backups xmlns="http://www.microsoft.com/GroupPolicy/GPOOperations/Manifest" xmlns:mfst="http://www.microsoft.com/GroupPolicy/GPOOperations/Manifest" mfst:version="1.0"><BackupInst><GPOGuid><![CDATA[{D727E5B9-2DD4-42A7-9746-71EEAA1A1F79}]]></GPOGuid><GPODomain><![CDATA[contoso.lab]]></GPODomain><GPODomainGuid><![CDATA[{40d4ab04-e6ab-453b-a519-b3e2ffc1e36d}]]></GPODomainGuid><GPODomainController><![CDATA[WIN-BTRG7ARK2LG.contoso.lab]]></GPODomainController><BackupTime><![CDATA[2019-09-20T00:14:27]]></BackupTime><ID><![CDATA[{9923C2E1-696E-4A71-BF02-1D1C02D753BC}]]></ID><Comment><![CDATA[]]></Comment><GPODisplayName><![CDATA[MSFT Office 365 ProPlus 1908 - User]]></GPODisplayName></BackupInst><BackupInst><GPOGuid><![CDATA[{CD954A5F-3F9D-44EC-8C89-F3F0066A6EFB}]]></GPOGuid><GPODomain><![CDATA[contoso.lab]]></GPODomain><GPODomainGuid><![CDATA[{40d4ab04-e6ab-453b-a519-b3e2ffc1e36d}]]></GPODomainGuid><GPODomainController><![CDATA[WIN-BTRG7ARK2LG.contoso.lab]]></GPODomainController><BackupTime><![CDATA[2019-09-20T00:14:27]]></BackupTime><ID><![CDATA[{B89E90DD-DDC8-4BAB-B9CF-8DAE5E49E6B6}]]></ID><Comment><![CDATA[]]></Comment><GPODisplayName><![CDATA[MSFT Office 365 ProPlus 1908 - Excel DDE Block - User]]></GPODisplayName></BackupInst><BackupInst><GPOGuid><![CDATA[{89BCDC4C-B0ED-4024-BE4B-376DF453161B}]]></GPOGuid><GPODomain><![CDATA[contoso.lab]]></GPODomain><GPODomainGuid><![CDATA[{40d4ab04-e6ab-453b-a519-b3e2ffc1e36d}]]></GPODomainGuid><GPODomainController><![CDATA[WIN-BTRG7ARK2LG.contoso.lab]]></GPODomainController><BackupTime><![CDATA[2019-09-20T00:14:27]]></BackupTime><ID><![CDATA[{D587E381-069E-47AE-88A9-3DE123540ABB}]]></ID><Comment><![CDATA[]]></Comment><GPODisplayName><![CDATA[MSFT Office 365 ProPlus 1908 - Computer]]></GPODisplayName></BackupInst><BackupInst><GPOGuid><![CDATA[{70ACEA15-8689-4D71-8386-DFEF6489861B}]]></GPOGuid><GPODomain><![CDATA[contoso.lab]]></GPODomain><GPODomainGuid><![CDATA[{40d4ab04-e6ab-453b-a519-b3e2ffc1e36d}]]></GPODomainGuid><GPODomainController><![CDATA[WIN-BTRG7ARK2LG.contoso.lab]]></GPODomainController><BackupTime><![CDATA[2019-09-20T00:14:27]]></BackupTime><ID><![CDATA[{57AD8911-BACA-4C0E-9F8D-2A645CB39C21}]]></ID><Comment><![CDATA[]]></Comment><GPODisplayName><![CDATA[MSFT Office 365 ProPlus 1908 - Legacy File Block - User]]></GPODisplayName></BackupInst><BackupInst><GPOGuid><![CDATA[{6F80AB40-EF75-46E7-A8D1-FD29D49C8874}]]></GPOGuid><GPODomain><![CDATA[contoso.lab]]></GPODomain><GPODomainGuid><![CDATA[{40d4ab04-e6ab-453b-a519-b3e2ffc1e36d}]]></GPODomainGuid><GPODomainController><![CDATA[WIN-BTRG7ARK2LG.contoso.lab]]></GPODomainController><BackupTime><![CDATA[2019-09-20T00:14:22]]></BackupTime><ID><![CDATA[{6B18C267-EB94-4F2A-81EC-E1802881D6AC}]]></ID><Comment><![CDATA[]]></Comment><GPODisplayName><![CDATA[MSFT Office 365 ProPlus 1908 - Require Macro Signing - User]]></GPODisplayName></BackupInst></Backups>