<BackupInst xmlns="http://www.microsoft.com/GroupPolicy/GPOOperations/Manifest"><GPOGuid><![CDATA[{70ACEA15-8689-4D71-8386-DFEF6489861B}]]></GPOGuid><GPODomain><![CDATA[contoso.lab]]></GPODomain><GPODomainGuid><![CDATA[{40d4ab04-e6ab-453b-a519-b3e2ffc1e36d}]]></GPODomainGuid><GPODomainController><![CDATA[WIN-BTRG7ARK2LG.contoso.lab]]></GPODomainController><BackupTime><![CDATA[2019-09-20T00:14:27]]></BackupTime><ID><![CDATA[{57AD8911-BACA-4C0E-9F8D-2A645CB39C21}]]></ID><Comment><![CDATA[]]></Comment><GPODisplayName><![CDATA[MSFT Office 365 ProPlus 1908 - Legacy File Block - User]]></GPODisplayName></BackupInst>
