<BackupInst xmlns="http://www.microsoft.com/GroupPolicy/GPOOperations/Manifest"><GPOGuid><![CDATA[{D727E5B9-2DD4-42A7-9746-71EEAA1A1F79}]]></GPOGuid><GPODomain><![CDATA[contoso.lab]]></GPODomain><GPODomainGuid><![CDATA[{40d4ab04-e6ab-453b-a519-b3e2ffc1e36d}]]></GPODomainGuid><GPODomainController><![CDATA[WIN-BTRG7ARK2LG.contoso.lab]]></GPODomainController><BackupTime><![CDATA[2019-09-20T00:14:27]]></BackupTime><ID><![CDATA[{9923C2E1-696E-4A71-BF02-1D1C02D753BC}]]></ID><Comment><![CDATA[]]></Comment><GPODisplayName><![CDATA[MSFT Office 365 ProPlus 1908 - User]]></GPODisplayName></BackupInst>
